Driver,Team,LapNumber,LapTimeSeconds,Compound,TyreLife,Stint,Position
ALO,Aston Martin,4.0,97.453,SOFT,4.0,2.0,5.0
ALO,Aston Martin,5.0,97.532,SOFT,5.0,2.0,5.0
ALO,Aston Martin,6.0,97.861,SOFT,6.0,2.0,5.0
ALO,Aston Martin,7.0,98.203,SOFT,7.0,2.0,5.0
ALO,Aston Martin,8.0,98.461,SOFT,8.0,2.0,5.0
ALO,Aston Martin,9.0,98.884,SOFT,9.0,2.0,5.0
ALO,Aston Martin,10.0,98.781,SOFT,10.0,2.0,5.0
ALO,Aston Martin,11.0,98.943,SOFT,11.0,2.0,5.0
ALO,Aston Martin,12.0,98.744,SOFT,12.0,2.0,4.0
ALO,Aston Martin,15.0,97.453,MEDIUM,2.0,3.0,8.0
ALO,Aston Martin,16.0,97.021,MEDIUM,3.0,3.0,8.0
ALO,Aston Martin,17.0,96.999,MEDIUM,4.0,3.0,8.0
ALO,Aston Martin,18.0,97.031,MEDIUM,5.0,3.0,8.0
ALO,Aston Martin,19.0,96.821,MEDIUM,6.0,3.0,8.0
ALO,Aston Martin,20.0,97.615,MEDIUM,7.0,3.0,8.0
ALO,Aston Martin,21.0,97.565,MEDIUM,8.0,3.0,8.0
ALO,Aston Martin,22.0,97.721,MEDIUM,9.0,3.0,6.0
ALO,Aston Martin,23.0,97.64,MEDIUM,10.0,3.0,6.0
ALO,Aston Martin,24.0,97.435,MEDIUM,11.0,3.0,6.0
ALO,Aston Martin,25.0,97.423,MEDIUM,12.0,3.0,6.0
ALO,Aston Martin,26.0,97.289,MEDIUM,13.0,3.0,6.0
ALO,Aston Martin,27.0,97.359,MEDIUM,14.0,3.0,4.0
ALO,Aston Martin,28.0,97.341,MEDIUM,15.0,3.0,4.0
ALO,Aston Martin,29.0,97.782,MEDIUM,16.0,3.0,4.0
ALO,Aston Martin,30.0,97.643,MEDIUM,17.0,3.0,4.0
ALO,Aston Martin,31.0,97.451,MEDIUM,18.0,3.0,4.0
ALO,Aston Martin,32.0,97.635,MEDIUM,19.0,3.0,4.0
ALO,Aston Martin,35.0,95.771,HARD,2.0,4.0,8.0
ALO,Aston Martin,36.0,95.353,HARD,3.0,4.0,8.0
ALO,Aston Martin,37.0,95.381,HARD,4.0,4.0,8.0
ALO,Aston Martin,38.0,95.487,HARD,5.0,4.0,7.0
ALO,Aston Martin,39.0,95.97,HARD,6.0,4.0,7.0
ALO,Aston Martin,40.0,95.808,HARD,7.0,4.0,6.0
ALO,Aston Martin,41.0,95.574,HARD,8.0,4.0,6.0
ALO,Aston Martin,42.0,97.292,HARD,9.0,4.0,6.0
ALO,Aston Martin,43.0,96.092,HARD,10.0,4.0,6.0
ALO,Aston Martin,44.0,95.615,HARD,11.0,4.0,6.0
ALO,Aston Martin,45.0,95.636,HARD,12.0,4.0,6.0
ALO,Aston Martin,46.0,95.827,HARD,13.0,4.0,6.0
ALO,Aston Martin,47.0,95.862,HARD,14.0,4.0,6.0
ALO,Aston Martin,48.0,95.861,HARD,15.0,4.0,6.0
ALO,Aston Martin,49.0,95.831,HARD,16.0,4.0,6.0
ALO,Aston Martin,50.0,96.008,HARD,17.0,4.0,6.0
ALO,Aston Martin,51.0,96.069,HARD,18.0,4.0,6.0
ALO,Aston Martin,52.0,95.633,HARD,19.0,4.0,6.0
ALO,Aston Martin,53.0,94.726,HARD,20.0,4.0,6.0
BOT,Kick Sauber,4.0,99.462,SOFT,4.0,2.0,12.0
BOT,Kick Sauber,5.0,98.279,SOFT,5.0,2.0,11.0
BOT,Kick Sauber,8.0,96.706,HARD,2.0,3.0,15.0
BOT,Kick Sauber,9.0,97.406,HARD,3.0,3.0,15.0
BOT,Kick Sauber,10.0,97.451,HARD,4.0,3.0,15.0
BOT,Kick Sauber,11.0,98.432,HARD,5.0,3.0,15.0
BOT,Kick Sauber,12.0,100.691,HARD,6.0,3.0,15.0
BOT,Kick Sauber,13.0,98.282,HARD,7.0,3.0,13.0
BOT,Kick Sauber,14.0,98.717,HARD,8.0,3.0,13.0
BOT,Kick Sauber,15.0,100.42,HARD,9.0,3.0,13.0
BOT,Kick Sauber,16.0,98.633,HARD,10.0,3.0,12.0
BOT,Kick Sauber,17.0,98.718,HARD,11.0,3.0,12.0
BOT,Kick Sauber,18.0,98.83,HARD,12.0,3.0,11.0
BOT,Kick Sauber,19.0,99.632,HARD,13.0,3.0,11.0
BOT,Kick Sauber,20.0,99.113,HARD,14.0,3.0,11.0
BOT,Kick Sauber,21.0,99.457,HARD,15.0,3.0,11.0
BOT,Kick Sauber,24.0,98.126,HARD,2.0,4.0,15.0
BOT,Kick Sauber,25.0,96.608,HARD,3.0,4.0,14.0
BOT,Kick Sauber,26.0,96.858,HARD,4.0,4.0,14.0
BOT,Kick Sauber,27.0,96.622,HARD,5.0,4.0,14.0
BOT,Kick Sauber,28.0,97.472,HARD,6.0,4.0,14.0
BOT,Kick Sauber,29.0,97.712,HARD,7.0,4.0,14.0
BOT,Kick Sauber,30.0,98.253,HARD,8.0,4.0,14.0
BOT,Kick Sauber,31.0,98.058,HARD,9.0,4.0,14.0
BOT,Kick Sauber,32.0,98.748,HARD,10.0,4.0,14.0
BOT,Kick Sauber,33.0,98.722,HARD,11.0,4.0,14.0
BOT,Kick Sauber,34.0,98.003,HARD,12.0,4.0,13.0
BOT,Kick Sauber,35.0,98.007,HARD,13.0,4.0,12.0
BOT,Kick Sauber,36.0,98.257,HARD,14.0,4.0,12.0
BOT,Kick Sauber,37.0,97.602,HARD,15.0,4.0,12.0
BOT,Kick Sauber,38.0,98.0,HARD,16.0,4.0,12.0
BOT,Kick Sauber,39.0,97.232,HARD,17.0,4.0,12.0
BOT,Kick Sauber,40.0,97.858,HARD,18.0,4.0,12.0
BOT,Kick Sauber,41.0,97.312,HARD,19.0,4.0,12.0
BOT,Kick Sauber,42.0,98.001,HARD,20.0,4.0,12.0
BOT,Kick Sauber,43.0,97.444,HARD,21.0,4.0,12.0
BOT,Kick Sauber,44.0,97.507,HARD,22.0,4.0,12.0
BOT,Kick Sauber,45.0,98.734,HARD,23.0,4.0,13.0
BOT,Kick Sauber,46.0,99.966,HARD,24.0,4.0,14.0
BOT,Kick Sauber,47.0,97.9,HARD,25.0,4.0,14.0
BOT,Kick Sauber,48.0,97.206,HARD,26.0,4.0,14.0
BOT,Kick Sauber,49.0,96.944,HARD,27.0,4.0,14.0
BOT,Kick Sauber,50.0,99.195,HARD,28.0,4.0,14.0
BOT,Kick Sauber,51.0,97.156,HARD,29.0,4.0,14.0
BOT,Kick Sauber,52.0,97.727,HARD,30.0,4.0,14.0
GAS,Alpine,4.0,99.925,HARD,3.0,2.0,14.0
GAS,Alpine,5.0,99.473,HARD,4.0,2.0,14.0
GAS,Alpine,6.0,100.257,HARD,5.0,2.0,14.0
GAS,Alpine,7.0,100.248,HARD,6.0,2.0,13.0
GAS,Alpine,8.0,101.363,HARD,7.0,2.0,13.0
GAS,Alpine,9.0,100.78,HARD,8.0,2.0,13.0
GAS,Alpine,10.0,101.117,HARD,9.0,2.0,13.0
GAS,Alpine,11.0,101.628,HARD,10.0,2.0,14.0
GAS,Alpine,12.0,101.107,HARD,11.0,2.0,14.0
GAS,Alpine,13.0,102.475,HARD,12.0,2.0,15.0
GAS,Alpine,14.0,101.773,HARD,13.0,2.0,17.0
GAS,Alpine,15.0,101.38,HARD,14.0,2.0,17.0
GAS,Alpine,18.0,98.374,MEDIUM,2.0,3.0,17.0
GAS,Alpine,19.0,98.599,MEDIUM,3.0,3.0,17.0
GAS,Alpine,20.0,98.741,MEDIUM,4.0,3.0,17.0
GAS,Alpine,21.0,98.415,MEDIUM,5.0,3.0,17.0
GAS,Alpine,22.0,98.382,MEDIUM,6.0,3.0,17.0
GAS,Alpine,23.0,99.816,MEDIUM,7.0,3.0,17.0
GAS,Alpine,24.0,98.781,MEDIUM,8.0,3.0,17.0
GAS,Alpine,25.0,99.034,MEDIUM,9.0,3.0,17.0
GAS,Alpine,26.0,98.958,MEDIUM,10.0,3.0,17.0
GAS,Alpine,27.0,98.902,MEDIUM,11.0,3.0,17.0
GAS,Alpine,28.0,98.873,MEDIUM,12.0,3.0,17.0
GAS,Alpine,29.0,99.052,MEDIUM,13.0,3.0,17.0
GAS,Alpine,30.0,98.894,MEDIUM,14.0,3.0,17.0
GAS,Alpine,31.0,99.45,MEDIUM,15.0,3.0,17.0
GAS,Alpine,34.0,98.671,HARD,2.0,4.0,17.0
GAS,Alpine,35.0,97.656,HARD,3.0,4.0,17.0
GAS,Alpine,36.0,97.283,HARD,4.0,4.0,17.0
GAS,Alpine,37.0,98.426,HARD,5.0,4.0,17.0
GAS,Alpine,38.0,96.756,HARD,6.0,4.0,17.0
GAS,Alpine,39.0,100.223,HARD,7.0,4.0,17.0
GAS,Alpine,40.0,98.072,HARD,8.0,4.0,17.0
GAS,Alpine,41.0,97.477,HARD,9.0,4.0,16.0
GAS,Alpine,42.0,97.014,HARD,10.0,4.0,16.0
GAS,Alpine,43.0,96.799,HARD,11.0,4.0,16.0
GAS,Alpine,44.0,97.201,HARD,12.0,4.0,16.0
GAS,Alpine,45.0,96.942,HARD,13.0,4.0,16.0
GAS,Alpine,46.0,96.997,HARD,14.0,4.0,16.0
GAS,Alpine,47.0,96.759,HARD,15.0,4.0,16.0
GAS,Alpine,48.0,96.642,HARD,16.0,4.0,16.0
GAS,Alpine,49.0,98.65,HARD,17.0,4.0,16.0
GAS,Alpine,50.0,100.961,HARD,18.0,4.0,16.0
GAS,Alpine,51.0,97.721,HARD,19.0,4.0,16.0
GAS,Alpine,52.0,97.505,HARD,20.0,4.0,16.0
HAM,Mercedes,4.0,98.303,HARD,3.0,2.0,8.0
HAM,Mercedes,5.0,98.139,HARD,4.0,2.0,8.0
HAM,Mercedes,6.0,98.19,HARD,5.0,2.0,8.0
HAM,Mercedes,7.0,98.374,HARD,6.0,2.0,8.0
HAM,Mercedes,8.0,98.096,HARD,7.0,2.0,8.0
HAM,Mercedes,9.0,98.533,HARD,8.0,2.0,8.0
HAM,Mercedes,10.0,98.703,HARD,9.0,2.0,8.0
HAM,Mercedes,11.0,99.292,HARD,10.0,2.0,8.0
HAM,Mercedes,12.0,99.202,HARD,11.0,2.0,7.0
HAM,Mercedes,13.0,100.24,HARD,12.0,2.0,7.0
HAM,Mercedes,14.0,99.053,HARD,13.0,2.0,6.0
HAM,Mercedes,15.0,98.915,HARD,14.0,2.0,6.0
HAM,Mercedes,16.0,98.693,HARD,15.0,2.0,4.0
HAM,Mercedes,17.0,100.53,HARD,16.0,2.0,6.0
HAM,Mercedes,18.0,99.304,HARD,17.0,2.0,6.0
HAM,Mercedes,19.0,99.352,HARD,18.0,2.0,7.0
HAM,Mercedes,20.0,98.619,HARD,19.0,2.0,7.0
HAM,Mercedes,21.0,98.642,HARD,20.0,2.0,7.0
HAM,Mercedes,22.0,99.823,HARD,21.0,2.0,8.0
HAM,Mercedes,25.0,95.432,HARD,2.0,3.0,9.0
HAM,Mercedes,26.0,95.447,HARD,3.0,3.0,9.0
HAM,Mercedes,27.0,96.135,HARD,4.0,3.0,9.0
HAM,Mercedes,28.0,96.295,HARD,5.0,3.0,9.0
HAM,Mercedes,29.0,96.746,HARD,6.0,3.0,9.0
HAM,Mercedes,30.0,96.399,HARD,7.0,3.0,9.0
HAM,Mercedes,31.0,96.586,HARD,8.0,3.0,9.0
HAM,Mercedes,32.0,96.601,HARD,9.0,3.0,9.0
HAM,Mercedes,33.0,96.444,HARD,10.0,3.0,8.0
HAM,Mercedes,34.0,96.707,HARD,11.0,3.0,7.0
HAM,Mercedes,35.0,96.514,HARD,12.0,3.0,7.0
HAM,Mercedes,36.0,96.191,HARD,13.0,3.0,7.0
HAM,Mercedes,37.0,96.622,HARD,14.0,3.0,6.0
HAM,Mercedes,38.0,97.458,HARD,15.0,3.0,6.0
HAM,Mercedes,41.0,93.952,MEDIUM,3.0,4.0,9.0
HAM,Mercedes,42.0,94.238,MEDIUM,4.0,4.0,9.0
HAM,Mercedes,43.0,94.082,MEDIUM,5.0,4.0,9.0
HAM,Mercedes,44.0,94.337,MEDIUM,6.0,4.0,9.0
HAM,Mercedes,45.0,94.791,MEDIUM,7.0,4.0,9.0
HAM,Mercedes,46.0,94.798,MEDIUM,8.0,4.0,9.0
HAM,Mercedes,47.0,94.679,MEDIUM,9.0,4.0,9.0
HAM,Mercedes,48.0,94.9,MEDIUM,10.0,4.0,9.0
HAM,Mercedes,49.0,95.047,MEDIUM,11.0,4.0,9.0
HAM,Mercedes,50.0,95.43,MEDIUM,12.0,4.0,9.0
HAM,Mercedes,51.0,95.476,MEDIUM,13.0,4.0,9.0
HAM,Mercedes,52.0,95.235,MEDIUM,14.0,4.0,9.0
HAM,Mercedes,53.0,95.773,MEDIUM,15.0,4.0,9.0
HUL,Haas F1 Team,4.0,100.374,SOFT,4.0,2.0,17.0
HUL,Haas F1 Team,7.0,96.751,HARD,2.0,3.0,18.0
HUL,Haas F1 Team,8.0,97.616,HARD,3.0,3.0,17.0
HUL,Haas F1 Team,9.0,97.898,HARD,4.0,3.0,17.0
HUL,Haas F1 Team,10.0,98.34,HARD,5.0,3.0,17.0
HUL,Haas F1 Team,11.0,98.352,HARD,6.0,3.0,17.0
HUL,Haas F1 Team,12.0,98.847,HARD,7.0,3.0,17.0
HUL,Haas F1 Team,13.0,100.302,HARD,8.0,3.0,16.0
HUL,Haas F1 Team,14.0,98.617,HARD,9.0,3.0,15.0
HUL,Haas F1 Team,15.0,99.624,HARD,10.0,3.0,16.0
HUL,Haas F1 Team,16.0,99.355,HARD,11.0,3.0,16.0
HUL,Haas F1 Team,17.0,99.312,HARD,12.0,3.0,16.0
HUL,Haas F1 Team,18.0,98.476,HARD,13.0,3.0,15.0
HUL,Haas F1 Team,19.0,98.894,HARD,14.0,3.0,15.0
HUL,Haas F1 Team,20.0,99.343,HARD,15.0,3.0,15.0
HUL,Haas F1 Team,21.0,99.78,HARD,16.0,3.0,15.0
HUL,Haas F1 Team,22.0,99.694,HARD,17.0,3.0,13.0
HUL,Haas F1 Team,23.0,98.965,HARD,18.0,3.0,10.0
HUL,Haas F1 Team,24.0,99.261,HARD,19.0,3.0,10.0
HUL,Haas F1 Team,25.0,98.781,HARD,20.0,3.0,10.0
HUL,Haas F1 Team,26.0,99.042,HARD,21.0,3.0,10.0
HUL,Haas F1 Team,27.0,99.256,HARD,22.0,3.0,10.0
HUL,Haas F1 Team,28.0,99.17,HARD,23.0,3.0,10.0
HUL,Haas F1 Team,29.0,99.951,HARD,24.0,3.0,10.0
HUL,Haas F1 Team,30.0,99.183,HARD,25.0,3.0,10.0
HUL,Haas F1 Team,31.0,99.465,HARD,26.0,3.0,10.0
HUL,Haas F1 Team,32.0,100.248,HARD,27.0,3.0,10.0
HUL,Haas F1 Team,35.0,95.937,HARD,2.0,4.0,14.0
HUL,Haas F1 Team,36.0,95.858,HARD,3.0,4.0,14.0
HUL,Haas F1 Team,37.0,95.933,HARD,4.0,4.0,14.0
HUL,Haas F1 Team,38.0,96.13,HARD,5.0,4.0,14.0
HUL,Haas F1 Team,39.0,95.853,HARD,6.0,4.0,14.0
HUL,Haas F1 Team,40.0,95.705,HARD,7.0,4.0,14.0
HUL,Haas F1 Team,41.0,95.947,HARD,8.0,4.0,14.0
HUL,Haas F1 Team,42.0,96.374,HARD,9.0,4.0,14.0
HUL,Haas F1 Team,43.0,96.151,HARD,10.0,4.0,14.0
HUL,Haas F1 Team,44.0,96.769,HARD,11.0,4.0,14.0
HUL,Haas F1 Team,45.0,96.808,HARD,12.0,4.0,14.0
HUL,Haas F1 Team,46.0,98.169,HARD,13.0,4.0,13.0
HUL,Haas F1 Team,47.0,96.827,HARD,14.0,4.0,13.0
HUL,Haas F1 Team,48.0,95.733,HARD,15.0,4.0,12.0
HUL,Haas F1 Team,49.0,96.235,HARD,16.0,4.0,12.0
HUL,Haas F1 Team,50.0,95.718,HARD,17.0,4.0,12.0
HUL,Haas F1 Team,51.0,95.853,HARD,18.0,4.0,12.0
HUL,Haas F1 Team,52.0,95.325,HARD,19.0,4.0,11.0
LEC,Ferrari,4.0,98.268,MEDIUM,3.0,2.0,7.0
LEC,Ferrari,5.0,97.812,MEDIUM,4.0,2.0,7.0
LEC,Ferrari,6.0,98.021,MEDIUM,5.0,2.0,7.0
LEC,Ferrari,7.0,98.187,MEDIUM,6.0,2.0,7.0
LEC,Ferrari,8.0,97.92,MEDIUM,7.0,2.0,7.0
LEC,Ferrari,9.0,98.213,MEDIUM,8.0,2.0,7.0
LEC,Ferrari,10.0,99.034,MEDIUM,9.0,2.0,7.0
LEC,Ferrari,11.0,99.193,MEDIUM,10.0,2.0,7.0
LEC,Ferrari,12.0,98.883,MEDIUM,11.0,2.0,5.0
LEC,Ferrari,13.0,98.479,MEDIUM,12.0,2.0,4.0
LEC,Ferrari,14.0,98.595,MEDIUM,13.0,2.0,4.0
LEC,Ferrari,15.0,98.172,MEDIUM,14.0,2.0,4.0
LEC,Ferrari,16.0,97.876,MEDIUM,15.0,2.0,2.0
LEC,Ferrari,17.0,97.856,MEDIUM,16.0,2.0,1.0
LEC,Ferrari,18.0,97.76,MEDIUM,17.0,2.0,1.0
LEC,Ferrari,19.0,97.523,MEDIUM,18.0,2.0,1.0
LEC,Ferrari,20.0,97.48,MEDIUM,19.0,2.0,1.0
LEC,Ferrari,21.0,98.203,MEDIUM,20.0,2.0,2.0
LEC,Ferrari,22.0,97.744,MEDIUM,21.0,2.0,2.0
LEC,Ferrari,23.0,97.755,MEDIUM,22.0,2.0,2.0
LEC,Ferrari,24.0,98.071,MEDIUM,23.0,2.0,2.0
LEC,Ferrari,25.0,97.918,MEDIUM,24.0,2.0,2.0
LEC,Ferrari,28.0,96.09,HARD,2.0,3.0,6.0
LEC,Ferrari,29.0,96.357,HARD,3.0,3.0,6.0
LEC,Ferrari,30.0,96.225,HARD,4.0,3.0,6.0
LEC,Ferrari,31.0,96.201,HARD,5.0,3.0,6.0
LEC,Ferrari,32.0,96.144,HARD,6.0,3.0,5.0
LEC,Ferrari,33.0,95.878,HARD,7.0,3.0,5.0
LEC,Ferrari,34.0,96.32,HARD,8.0,3.0,3.0
LEC,Ferrari,35.0,96.056,HARD,9.0,3.0,3.0
LEC,Ferrari,36.0,96.681,HARD,10.0,3.0,4.0
LEC,Ferrari,37.0,96.135,HARD,11.0,3.0,3.0
LEC,Ferrari,38.0,96.029,HARD,12.0,3.0,3.0
LEC,Ferrari,39.0,95.693,HARD,13.0,3.0,3.0
LEC,Ferrari,40.0,96.341,HARD,14.0,3.0,3.0
LEC,Ferrari,41.0,95.451,HARD,15.0,3.0,3.0
LEC,Ferrari,42.0,95.797,HARD,16.0,3.0,3.0
LEC,Ferrari,43.0,95.713,HARD,17.0,3.0,3.0
LEC,Ferrari,44.0,95.685,HARD,18.0,3.0,3.0
LEC,Ferrari,45.0,95.739,HARD,19.0,3.0,3.0
LEC,Ferrari,46.0,96.778,HARD,20.0,3.0,4.0
LEC,Ferrari,47.0,95.922,HARD,21.0,3.0,4.0
LEC,Ferrari,48.0,95.502,HARD,22.0,3.0,4.0
LEC,Ferrari,49.0,95.543,HARD,23.0,3.0,4.0
LEC,Ferrari,50.0,95.274,HARD,24.0,3.0,4.0
LEC,Ferrari,51.0,95.199,HARD,25.0,3.0,4.0
LEC,Ferrari,52.0,95.316,HARD,26.0,3.0,4.0
LEC,Ferrari,53.0,95.044,HARD,27.0,3.0,4.0
MAG,Haas F1 Team,4.0,100.103,MEDIUM,3.0,2.0,15.0
MAG,Haas F1 Team,5.0,99.392,MEDIUM,4.0,2.0,15.0
MAG,Haas F1 Team,6.0,100.026,MEDIUM,5.0,2.0,15.0
MAG,Haas F1 Team,7.0,100.357,MEDIUM,6.0,2.0,14.0
MAG,Haas F1 Team,8.0,99.601,MEDIUM,7.0,2.0,12.0
MAG,Haas F1 Team,9.0,100.251,MEDIUM,8.0,2.0,12.0
MAG,Haas F1 Team,10.0,100.177,MEDIUM,9.0,2.0,12.0
MAG,Haas F1 Team,11.0,99.9,MEDIUM,10.0,2.0,12.0
MAG,Haas F1 Team,12.0,100.26,MEDIUM,11.0,2.0,12.0
MAG,Haas F1 Team,13.0,99.267,MEDIUM,12.0,2.0,9.0
MAG,Haas F1 Team,14.0,100.786,MEDIUM,13.0,2.0,10.0
MAG,Haas F1 Team,15.0,99.373,MEDIUM,14.0,2.0,10.0
MAG,Haas F1 Team,16.0,99.814,MEDIUM,15.0,2.0,10.0
MAG,Haas F1 Team,17.0,99.728,MEDIUM,16.0,2.0,10.0
MAG,Haas F1 Team,18.0,99.665,MEDIUM,17.0,2.0,10.0
MAG,Haas F1 Team,19.0,99.538,MEDIUM,18.0,2.0,10.0
MAG,Haas F1 Team,20.0,99.262,MEDIUM,19.0,2.0,10.0
MAG,Haas F1 Team,21.0,99.545,MEDIUM,20.0,2.0,10.0
MAG,Haas F1 Team,24.0,96.654,HARD,2.0,3.0,13.0
MAG,Haas F1 Team,25.0,97.033,HARD,3.0,3.0,13.0
MAG,Haas F1 Team,26.0,97.145,HARD,4.0,3.0,13.0
MAG,Haas F1 Team,27.0,97.395,HARD,5.0,3.0,13.0
MAG,Haas F1 Team,28.0,97.504,HARD,6.0,3.0,13.0
MAG,Haas F1 Team,29.0,97.888,HARD,7.0,3.0,13.0
MAG,Haas F1 Team,30.0,98.014,HARD,8.0,3.0,13.0
MAG,Haas F1 Team,31.0,98.498,HARD,9.0,3.0,13.0
MAG,Haas F1 Team,32.0,98.657,HARD,10.0,3.0,13.0
MAG,Haas F1 Team,33.0,98.58,HARD,11.0,3.0,12.0
MAG,Haas F1 Team,34.0,97.93,HARD,12.0,3.0,12.0
MAG,Haas F1 Team,35.0,98.046,HARD,13.0,3.0,11.0
MAG,Haas F1 Team,36.0,98.078,HARD,14.0,3.0,11.0
MAG,Haas F1 Team,37.0,97.662,HARD,15.0,3.0,11.0
MAG,Haas F1 Team,38.0,97.789,HARD,16.0,3.0,11.0
MAG,Haas F1 Team,39.0,97.553,HARD,17.0,3.0,11.0
MAG,Haas F1 Team,40.0,97.542,HARD,18.0,3.0,11.0
MAG,Haas F1 Team,41.0,97.513,HARD,19.0,3.0,11.0
MAG,Haas F1 Team,42.0,97.968,HARD,20.0,3.0,11.0
MAG,Haas F1 Team,43.0,97.376,HARD,21.0,3.0,11.0
MAG,Haas F1 Team,44.0,97.475,HARD,22.0,3.0,11.0
MAG,Haas F1 Team,45.0,97.674,HARD,23.0,3.0,11.0
MAG,Haas F1 Team,46.0,98.332,HARD,24.0,3.0,12.0
MAG,Haas F1 Team,47.0,98.707,HARD,25.0,3.0,12.0
MAG,Haas F1 Team,48.0,98.319,HARD,26.0,3.0,13.0
MAG,Haas F1 Team,49.0,97.519,HARD,27.0,3.0,13.0
MAG,Haas F1 Team,50.0,97.42,HARD,28.0,3.0,13.0
MAG,Haas F1 Team,51.0,98.878,HARD,29.0,3.0,13.0
MAG,Haas F1 Team,52.0,97.822,HARD,30.0,3.0,13.0
NOR,McLaren,4.0,96.853,MEDIUM,4.0,2.0,3.0
NOR,McLaren,5.0,96.86,MEDIUM,5.0,2.0,3.0
NOR,McLaren,6.0,97.9,MEDIUM,6.0,2.0,3.0
NOR,McLaren,7.0,97.742,MEDIUM,7.0,2.0,3.0
NOR,McLaren,8.0,97.824,MEDIUM,8.0,2.0,3.0
NOR,McLaren,9.0,97.963,MEDIUM,9.0,2.0,3.0
NOR,McLaren,10.0,98.158,MEDIUM,10.0,2.0,3.0
NOR,McLaren,13.0,95.761,HARD,2.0,3.0,8.0
NOR,McLaren,14.0,96.777,HARD,3.0,3.0,7.0
NOR,McLaren,15.0,96.788,HARD,4.0,3.0,7.0
NOR,McLaren,16.0,98.241,HARD,5.0,3.0,5.0
NOR,McLaren,17.0,97.807,HARD,6.0,3.0,4.0
NOR,McLaren,18.0,96.487,HARD,7.0,3.0,3.0
NOR,McLaren,19.0,96.783,HARD,8.0,3.0,3.0
NOR,McLaren,20.0,96.847,HARD,9.0,3.0,3.0
NOR,McLaren,21.0,96.996,HARD,10.0,3.0,3.0
NOR,McLaren,22.0,98.888,HARD,11.0,3.0,4.0
NOR,McLaren,23.0,98.213,HARD,12.0,3.0,4.0
NOR,McLaren,24.0,97.722,HARD,13.0,3.0,4.0
NOR,McLaren,25.0,97.558,HARD,14.0,3.0,4.0
NOR,McLaren,28.0,95.721,HARD,2.0,4.0,7.0
NOR,McLaren,29.0,96.258,HARD,3.0,4.0,7.0
NOR,McLaren,30.0,96.243,HARD,4.0,4.0,7.0
NOR,McLaren,31.0,96.225,HARD,5.0,4.0,7.0
NOR,McLaren,32.0,96.375,HARD,6.0,4.0,7.0
NOR,McLaren,33.0,96.34,HARD,7.0,4.0,6.0
NOR,McLaren,34.0,96.262,HARD,8.0,4.0,4.0
NOR,McLaren,35.0,96.614,HARD,9.0,4.0,5.0
NOR,McLaren,36.0,95.896,HARD,10.0,4.0,5.0
NOR,McLaren,37.0,96.412,HARD,11.0,4.0,4.0
NOR,McLaren,38.0,95.883,HARD,12.0,4.0,4.0
NOR,McLaren,39.0,95.706,HARD,13.0,4.0,4.0
NOR,McLaren,40.0,96.249,HARD,14.0,4.0,4.0
NOR,McLaren,41.0,95.229,HARD,15.0,4.0,4.0
NOR,McLaren,42.0,96.217,HARD,16.0,4.0,4.0
NOR,McLaren,43.0,95.92,HARD,17.0,4.0,4.0
NOR,McLaren,44.0,96.391,HARD,18.0,4.0,5.0
NOR,McLaren,45.0,96.224,HARD,19.0,4.0,5.0
NOR,McLaren,46.0,95.635,HARD,20.0,4.0,5.0
NOR,McLaren,47.0,95.633,HARD,21.0,4.0,5.0
NOR,McLaren,48.0,95.677,HARD,22.0,4.0,5.0
NOR,McLaren,49.0,95.354,HARD,23.0,4.0,5.0
NOR,McLaren,50.0,95.268,HARD,24.0,4.0,5.0
NOR,McLaren,51.0,95.186,HARD,25.0,4.0,5.0
NOR,McLaren,52.0,95.832,HARD,26.0,4.0,5.0
NOR,McLaren,53.0,95.721,HARD,27.0,4.0,5.0
OCO,Alpine,4.0,99.541,HARD,3.0,2.0,11.0
OCO,Alpine,5.0,100.081,HARD,4.0,2.0,12.0
OCO,Alpine,6.0,100.496,HARD,5.0,2.0,13.0
OCO,Alpine,7.0,99.744,HARD,6.0,2.0,12.0
OCO,Alpine,8.0,100.009,HARD,7.0,2.0,11.0
OCO,Alpine,9.0,100.294,HARD,8.0,2.0,11.0
OCO,Alpine,10.0,100.315,HARD,9.0,2.0,11.0
OCO,Alpine,11.0,100.371,HARD,10.0,2.0,11.0
OCO,Alpine,12.0,100.56,HARD,11.0,2.0,11.0
OCO,Alpine,13.0,101.341,HARD,12.0,2.0,10.0
OCO,Alpine,14.0,100.787,HARD,13.0,2.0,11.0
OCO,Alpine,15.0,100.961,HARD,14.0,2.0,12.0
OCO,Alpine,16.0,100.692,HARD,15.0,2.0,13.0
OCO,Alpine,17.0,100.929,HARD,16.0,2.0,15.0
OCO,Alpine,18.0,100.737,HARD,17.0,2.0,16.0
OCO,Alpine,21.0,97.716,HARD,2.0,3.0,16.0
OCO,Alpine,22.0,97.775,HARD,3.0,3.0,16.0
OCO,Alpine,23.0,99.219,HARD,4.0,3.0,13.0
OCO,Alpine,24.0,98.924,HARD,5.0,3.0,14.0
OCO,Alpine,25.0,99.084,HARD,6.0,3.0,15.0
OCO,Alpine,26.0,98.611,HARD,7.0,3.0,15.0
OCO,Alpine,27.0,98.943,HARD,8.0,3.0,16.0
OCO,Alpine,28.0,98.612,HARD,9.0,3.0,16.0
OCO,Alpine,29.0,98.702,HARD,10.0,3.0,16.0
OCO,Alpine,30.0,98.499,HARD,11.0,3.0,16.0
OCO,Alpine,31.0,98.662,HARD,12.0,3.0,16.0
OCO,Alpine,32.0,98.366,HARD,13.0,3.0,16.0
OCO,Alpine,35.0,97.126,MEDIUM,2.0,4.0,16.0
OCO,Alpine,36.0,96.983,MEDIUM,3.0,4.0,16.0
OCO,Alpine,37.0,98.763,MEDIUM,4.0,4.0,16.0
OCO,Alpine,38.0,96.714,MEDIUM,5.0,4.0,16.0
OCO,Alpine,39.0,97.058,MEDIUM,6.0,4.0,16.0
OCO,Alpine,40.0,97.58,MEDIUM,7.0,4.0,16.0
OCO,Alpine,41.0,99.008,MEDIUM,8.0,4.0,15.0
OCO,Alpine,42.0,97.129,MEDIUM,9.0,4.0,15.0
OCO,Alpine,43.0,97.478,MEDIUM,10.0,4.0,15.0
OCO,Alpine,44.0,100.961,MEDIUM,11.0,4.0,15.0
OCO,Alpine,45.0,96.983,MEDIUM,12.0,4.0,15.0
OCO,Alpine,46.0,97.091,MEDIUM,13.0,4.0,15.0
OCO,Alpine,47.0,97.381,MEDIUM,14.0,4.0,15.0
OCO,Alpine,48.0,96.836,MEDIUM,15.0,4.0,15.0
OCO,Alpine,49.0,96.691,MEDIUM,16.0,4.0,15.0
OCO,Alpine,50.0,96.636,MEDIUM,17.0,4.0,15.0
OCO,Alpine,51.0,96.831,MEDIUM,18.0,4.0,15.0
OCO,Alpine,52.0,96.232,MEDIUM,19.0,4.0,15.0
PER,Red Bull Racing,4.0,96.573,MEDIUM,4.0,2.0,2.0
PER,Red Bull Racing,5.0,96.568,MEDIUM,5.0,2.0,2.0
PER,Red Bull Racing,6.0,97.693,MEDIUM,6.0,2.0,2.0
PER,Red Bull Racing,7.0,97.308,MEDIUM,7.0,2.0,2.0
PER,Red Bull Racing,8.0,97.22,MEDIUM,8.0,2.0,2.0
PER,Red Bull Racing,9.0,97.838,MEDIUM,9.0,2.0,2.0
PER,Red Bull Racing,10.0,97.926,MEDIUM,10.0,2.0,2.0
PER,Red Bull Racing,11.0,98.216,MEDIUM,11.0,2.0,2.0
PER,Red Bull Racing,12.0,98.156,MEDIUM,12.0,2.0,2.0
PER,Red Bull Racing,13.0,98.125,MEDIUM,13.0,2.0,2.0
PER,Red Bull Racing,14.0,98.505,MEDIUM,14.0,2.0,2.0
PER,Red Bull Racing,17.0,97.428,MEDIUM,2.0,3.0,5.0
PER,Red Bull Racing,18.0,97.844,MEDIUM,3.0,3.0,4.0
PER,Red Bull Racing,19.0,96.436,MEDIUM,4.0,3.0,4.0
PER,Red Bull Racing,20.0,96.206,MEDIUM,5.0,3.0,4.0
PER,Red Bull Racing,21.0,96.558,MEDIUM,6.0,3.0,4.0
PER,Red Bull Racing,22.0,97.264,MEDIUM,7.0,3.0,3.0
PER,Red Bull Racing,23.0,96.656,MEDIUM,8.0,3.0,3.0
PER,Red Bull Racing,24.0,96.921,MEDIUM,9.0,3.0,3.0
PER,Red Bull Racing,25.0,97.76,MEDIUM,10.0,3.0,3.0
PER,Red Bull Racing,26.0,97.689,MEDIUM,11.0,3.0,2.0
PER,Red Bull Racing,27.0,96.843,MEDIUM,12.0,3.0,2.0
PER,Red Bull Racing,28.0,96.733,MEDIUM,13.0,3.0,2.0
PER,Red Bull Racing,29.0,96.969,MEDIUM,14.0,3.0,2.0
PER,Red Bull Racing,30.0,97.097,MEDIUM,15.0,3.0,2.0
PER,Red Bull Racing,31.0,97.118,MEDIUM,16.0,3.0,2.0
PER,Red Bull Racing,32.0,97.106,MEDIUM,17.0,3.0,2.0
PER,Red Bull Racing,35.0,93.945,HARD,2.0,4.0,4.0
PER,Red Bull Racing,36.0,94.479,HARD,3.0,4.0,3.0
PER,Red Bull Racing,37.0,94.808,HARD,4.0,4.0,2.0
PER,Red Bull Racing,38.0,95.245,HARD,5.0,4.0,2.0
PER,Red Bull Racing,39.0,94.99,HARD,6.0,4.0,2.0
PER,Red Bull Racing,40.0,94.738,HARD,7.0,4.0,2.0
PER,Red Bull Racing,41.0,95.03,HARD,8.0,4.0,2.0
PER,Red Bull Racing,42.0,95.433,HARD,9.0,4.0,2.0
PER,Red Bull Racing,43.0,95.099,HARD,10.0,4.0,2.0
PER,Red Bull Racing,44.0,94.701,HARD,11.0,4.0,2.0
PER,Red Bull Racing,45.0,94.996,HARD,12.0,4.0,2.0
PER,Red Bull Racing,46.0,94.75,HARD,13.0,4.0,2.0
PER,Red Bull Racing,47.0,95.056,HARD,14.0,4.0,2.0
PER,Red Bull Racing,48.0,95.383,HARD,15.0,4.0,2.0
PER,Red Bull Racing,49.0,95.035,HARD,16.0,4.0,2.0
PER,Red Bull Racing,50.0,95.244,HARD,17.0,4.0,2.0
PER,Red Bull Racing,51.0,94.89,HARD,18.0,4.0,2.0
PER,Red Bull Racing,52.0,94.929,HARD,19.0,4.0,2.0
PER,Red Bull Racing,53.0,94.728,HARD,20.0,4.0,2.0
PIA,McLaren,4.0,97.734,MEDIUM,4.0,2.0,6.0
PIA,McLaren,5.0,97.631,MEDIUM,5.0,2.0,6.0
PIA,McLaren,6.0,98.141,MEDIUM,6.0,2.0,6.0
PIA,McLaren,7.0,98.191,MEDIUM,7.0,2.0,6.0
PIA,McLaren,8.0,98.222,MEDIUM,8.0,2.0,6.0
PIA,McLaren,9.0,98.5,MEDIUM,9.0,2.0,6.0
PIA,McLaren,10.0,99.011,MEDIUM,10.0,2.0,6.0
PIA,McLaren,11.0,99.245,MEDIUM,11.0,2.0,6.0
PIA,McLaren,14.0,97.675,HARD,2.0,3.0,9.0
PIA,McLaren,15.0,97.377,HARD,3.0,3.0,9.0
PIA,McLaren,16.0,97.058,HARD,4.0,3.0,9.0
PIA,McLaren,17.0,96.747,HARD,5.0,3.0,9.0
PIA,McLaren,18.0,96.822,HARD,6.0,3.0,9.0
PIA,McLaren,19.0,96.782,HARD,7.0,3.0,9.0
PIA,McLaren,20.0,96.984,HARD,8.0,3.0,9.0
PIA,McLaren,21.0,97.416,HARD,9.0,3.0,9.0
PIA,McLaren,22.0,98.625,HARD,10.0,3.0,9.0
PIA,McLaren,23.0,98.919,HARD,11.0,3.0,7.0
PIA,McLaren,24.0,97.175,HARD,12.0,3.0,7.0
PIA,McLaren,25.0,97.776,HARD,13.0,3.0,7.0
PIA,McLaren,26.0,97.364,HARD,14.0,3.0,7.0
PIA,McLaren,27.0,97.389,HARD,15.0,3.0,5.0
PIA,McLaren,28.0,97.438,HARD,16.0,3.0,5.0
PIA,McLaren,29.0,97.771,HARD,17.0,3.0,5.0
PIA,McLaren,30.0,97.946,HARD,18.0,3.0,5.0
PIA,McLaren,31.0,97.845,HARD,19.0,3.0,5.0
PIA,McLaren,34.0,95.255,HARD,2.0,4.0,9.0
PIA,McLaren,35.0,94.802,HARD,3.0,4.0,9.0
PIA,McLaren,36.0,95.128,HARD,4.0,4.0,9.0
PIA,McLaren,37.0,95.4,HARD,5.0,4.0,9.0
PIA,McLaren,38.0,95.267,HARD,6.0,4.0,8.0
PIA,McLaren,39.0,96.036,HARD,7.0,4.0,8.0
PIA,McLaren,40.0,95.888,HARD,8.0,4.0,7.0
PIA,McLaren,41.0,95.545,HARD,9.0,4.0,7.0
PIA,McLaren,42.0,97.548,HARD,10.0,4.0,7.0
PIA,McLaren,43.0,95.841,HARD,11.0,4.0,7.0
PIA,McLaren,44.0,95.539,HARD,12.0,4.0,7.0
PIA,McLaren,45.0,95.648,HARD,13.0,4.0,7.0
PIA,McLaren,46.0,95.755,HARD,14.0,4.0,7.0
PIA,McLaren,47.0,95.891,HARD,15.0,4.0,7.0
PIA,McLaren,48.0,95.898,HARD,16.0,4.0,7.0
PIA,McLaren,49.0,96.179,HARD,17.0,4.0,7.0
PIA,McLaren,50.0,96.228,HARD,18.0,4.0,7.0
PIA,McLaren,51.0,95.429,HARD,19.0,4.0,7.0
PIA,McLaren,52.0,96.164,HARD,20.0,4.0,7.0
PIA,McLaren,53.0,96.611,HARD,21.0,4.0,8.0
RUS,Mercedes,4.0,98.976,HARD,3.0,2.0,10.0
RUS,Mercedes,5.0,97.737,HARD,4.0,2.0,9.0
RUS,Mercedes,6.0,98.392,HARD,5.0,2.0,9.0
RUS,Mercedes,7.0,98.07,HARD,6.0,2.0,9.0
RUS,Mercedes,8.0,98.192,HARD,7.0,2.0,9.0
RUS,Mercedes,9.0,98.253,HARD,8.0,2.0,9.0
RUS,Mercedes,10.0,98.368,HARD,9.0,2.0,9.0
RUS,Mercedes,11.0,98.949,HARD,10.0,2.0,9.0
RUS,Mercedes,12.0,99.212,HARD,11.0,2.0,8.0
RUS,Mercedes,13.0,98.989,HARD,12.0,2.0,6.0
RUS,Mercedes,14.0,98.428,HARD,13.0,2.0,5.0
RUS,Mercedes,15.0,98.565,HARD,14.0,2.0,5.0
RUS,Mercedes,16.0,98.658,HARD,15.0,2.0,3.0
RUS,Mercedes,17.0,99.417,HARD,16.0,2.0,3.0
RUS,Mercedes,18.0,100.317,HARD,17.0,2.0,5.0
RUS,Mercedes,19.0,98.392,HARD,18.0,2.0,5.0
RUS,Mercedes,20.0,98.463,HARD,19.0,2.0,5.0
RUS,Mercedes,21.0,99.492,HARD,20.0,2.0,6.0
RUS,Mercedes,24.0,95.149,HARD,2.0,3.0,8.0
RUS,Mercedes,25.0,95.673,HARD,3.0,3.0,8.0
RUS,Mercedes,26.0,95.775,HARD,4.0,3.0,8.0
RUS,Mercedes,27.0,97.28,HARD,5.0,3.0,7.0
RUS,Mercedes,28.0,97.564,HARD,6.0,3.0,8.0
RUS,Mercedes,29.0,96.699,HARD,7.0,3.0,8.0
RUS,Mercedes,30.0,96.493,HARD,8.0,3.0,8.0
RUS,Mercedes,31.0,96.776,HARD,9.0,3.0,8.0
RUS,Mercedes,32.0,96.744,HARD,10.0,3.0,8.0
RUS,Mercedes,33.0,96.383,HARD,11.0,3.0,7.0
RUS,Mercedes,34.0,96.704,HARD,12.0,3.0,6.0
RUS,Mercedes,35.0,96.47,HARD,13.0,3.0,6.0
RUS,Mercedes,36.0,96.468,HARD,14.0,3.0,6.0
RUS,Mercedes,39.0,94.404,MEDIUM,3.0,4.0,9.0
RUS,Mercedes,40.0,94.537,MEDIUM,4.0,4.0,8.0
RUS,Mercedes,41.0,94.541,MEDIUM,5.0,4.0,8.0
RUS,Mercedes,42.0,95.299,MEDIUM,6.0,4.0,8.0
RUS,Mercedes,43.0,95.141,MEDIUM,7.0,4.0,8.0
RUS,Mercedes,44.0,94.834,MEDIUM,8.0,4.0,8.0
RUS,Mercedes,45.0,94.913,MEDIUM,9.0,4.0,8.0
RUS,Mercedes,46.0,95.115,MEDIUM,10.0,4.0,8.0
RUS,Mercedes,47.0,95.317,MEDIUM,11.0,4.0,8.0
RUS,Mercedes,48.0,95.423,MEDIUM,12.0,4.0,8.0
RUS,Mercedes,49.0,96.024,MEDIUM,13.0,4.0,8.0
RUS,Mercedes,50.0,96.465,MEDIUM,14.0,4.0,8.0
RUS,Mercedes,51.0,95.429,MEDIUM,15.0,4.0,8.0
RUS,Mercedes,52.0,95.743,MEDIUM,16.0,4.0,8.0
RUS,Mercedes,53.0,94.902,MEDIUM,17.0,4.0,7.0
SAI,Ferrari,4.0,97.225,MEDIUM,3.0,2.0,4.0
SAI,Ferrari,5.0,97.322,MEDIUM,4.0,2.0,4.0
SAI,Ferrari,6.0,97.721,MEDIUM,5.0,2.0,4.0
SAI,Ferrari,7.0,97.756,MEDIUM,6.0,2.0,4.0
SAI,Ferrari,8.0,97.736,MEDIUM,7.0,2.0,4.0
SAI,Ferrari,9.0,97.98,MEDIUM,8.0,2.0,4.0
SAI,Ferrari,10.0,98.304,MEDIUM,9.0,2.0,4.0
SAI,Ferrari,11.0,98.273,MEDIUM,10.0,2.0,3.0
SAI,Ferrari,12.0,97.847,MEDIUM,11.0,2.0,3.0
SAI,Ferrari,13.0,98.333,MEDIUM,12.0,2.0,3.0
SAI,Ferrari,14.0,98.504,MEDIUM,13.0,2.0,3.0
SAI,Ferrari,17.0,96.469,MEDIUM,3.0,3.0,7.0
SAI,Ferrari,18.0,96.698,MEDIUM,4.0,3.0,7.0
SAI,Ferrari,19.0,97.786,MEDIUM,5.0,3.0,6.0
SAI,Ferrari,20.0,97.314,MEDIUM,6.0,3.0,6.0
SAI,Ferrari,21.0,97.995,MEDIUM,7.0,3.0,5.0
SAI,Ferrari,22.0,96.575,MEDIUM,8.0,3.0,5.0
SAI,Ferrari,23.0,96.779,MEDIUM,9.0,3.0,5.0
SAI,Ferrari,24.0,96.805,MEDIUM,10.0,3.0,5.0
SAI,Ferrari,25.0,96.945,MEDIUM,11.0,3.0,5.0
SAI,Ferrari,26.0,97.137,MEDIUM,12.0,3.0,3.0
SAI,Ferrari,27.0,97.068,MEDIUM,13.0,3.0,3.0
SAI,Ferrari,28.0,96.845,MEDIUM,14.0,3.0,3.0
SAI,Ferrari,29.0,97.176,MEDIUM,15.0,3.0,3.0
SAI,Ferrari,30.0,97.01,MEDIUM,16.0,3.0,3.0
SAI,Ferrari,31.0,96.901,MEDIUM,17.0,3.0,3.0
SAI,Ferrari,32.0,97.106,MEDIUM,18.0,3.0,3.0
SAI,Ferrari,33.0,97.233,MEDIUM,19.0,3.0,3.0
SAI,Ferrari,34.0,96.901,MEDIUM,20.0,3.0,2.0
SAI,Ferrari,35.0,96.948,MEDIUM,21.0,3.0,1.0
SAI,Ferrari,38.0,93.995,HARD,2.0,4.0,5.0
SAI,Ferrari,39.0,94.419,HARD,3.0,4.0,5.0
SAI,Ferrari,40.0,94.396,HARD,4.0,4.0,5.0
SAI,Ferrari,41.0,94.863,HARD,5.0,4.0,5.0
SAI,Ferrari,42.0,95.293,HARD,6.0,4.0,5.0
SAI,Ferrari,43.0,94.75,HARD,7.0,4.0,5.0
SAI,Ferrari,44.0,94.336,HARD,8.0,4.0,4.0
SAI,Ferrari,45.0,95.006,HARD,9.0,4.0,4.0
SAI,Ferrari,46.0,93.841,HARD,10.0,4.0,3.0
SAI,Ferrari,47.0,95.063,HARD,11.0,4.0,3.0
SAI,Ferrari,48.0,94.962,HARD,12.0,4.0,3.0
SAI,Ferrari,49.0,94.752,HARD,13.0,4.0,3.0
SAI,Ferrari,50.0,94.636,HARD,14.0,4.0,3.0
SAI,Ferrari,51.0,94.877,HARD,15.0,4.0,3.0
SAI,Ferrari,52.0,95.203,HARD,16.0,4.0,3.0
SAI,Ferrari,53.0,95.224,HARD,17.0,4.0,3.0
SAR,Williams,4.0,100.424,HARD,3.0,2.0,18.0
SAR,Williams,5.0,99.668,HARD,4.0,2.0,17.0
SAR,Williams,6.0,99.582,HARD,5.0,2.0,17.0
SAR,Williams,7.0,100.055,HARD,6.0,2.0,15.0
SAR,Williams,8.0,99.655,HARD,7.0,2.0,14.0
SAR,Williams,9.0,100.871,HARD,8.0,2.0,14.0
SAR,Williams,10.0,100.916,HARD,9.0,2.0,14.0
SAR,Williams,11.0,99.348,HARD,10.0,2.0,13.0
SAR,Williams,12.0,99.911,HARD,11.0,2.0,13.0
SAR,Williams,13.0,100.197,HARD,12.0,2.0,12.0
SAR,Williams,14.0,99.713,HARD,13.0,2.0,12.0
SAR,Williams,15.0,99.368,HARD,14.0,2.0,11.0
SAR,Williams,16.0,99.404,HARD,15.0,2.0,11.0
SAR,Williams,17.0,99.216,HARD,16.0,2.0,11.0
SAR,Williams,18.0,100.309,HARD,17.0,2.0,12.0
SAR,Williams,19.0,99.537,HARD,18.0,2.0,12.0
SAR,Williams,20.0,98.968,HARD,19.0,2.0,12.0
SAR,Williams,21.0,99.612,HARD,20.0,2.0,12.0
SAR,Williams,24.0,98.094,HARD,2.0,3.0,16.0
SAR,Williams,25.0,98.43,HARD,3.0,3.0,16.0
SAR,Williams,26.0,98.485,HARD,4.0,3.0,16.0
SAR,Williams,27.0,96.59,HARD,5.0,3.0,15.0
SAR,Williams,28.0,97.429,HARD,6.0,3.0,15.0
SAR,Williams,29.0,97.679,HARD,7.0,3.0,15.0
SAR,Williams,30.0,97.511,HARD,8.0,3.0,15.0
SAR,Williams,31.0,97.495,HARD,9.0,3.0,15.0
SAR,Williams,32.0,97.761,HARD,10.0,3.0,15.0
SAR,Williams,33.0,98.166,HARD,11.0,3.0,15.0
SAR,Williams,36.0,95.497,MEDIUM,2.0,4.0,15.0
SAR,Williams,37.0,96.103,MEDIUM,3.0,4.0,15.0
SAR,Williams,38.0,96.149,MEDIUM,4.0,4.0,15.0
SAR,Williams,39.0,96.25,MEDIUM,5.0,4.0,15.0
SAR,Williams,40.0,96.282,MEDIUM,6.0,4.0,15.0
SAR,Williams,43.0,94.9,SOFT,2.0,5.0,17.0
SAR,Williams,44.0,95.087,SOFT,3.0,5.0,17.0
SAR,Williams,45.0,95.35,SOFT,4.0,5.0,17.0
SAR,Williams,46.0,95.778,SOFT,5.0,5.0,17.0
SAR,Williams,47.0,95.701,SOFT,6.0,5.0,17.0
SAR,Williams,48.0,95.837,SOFT,7.0,5.0,17.0
SAR,Williams,49.0,95.619,SOFT,8.0,5.0,17.0
SAR,Williams,50.0,95.49,SOFT,9.0,5.0,17.0
SAR,Williams,51.0,95.233,SOFT,10.0,5.0,17.0
SAR,Williams,52.0,97.715,SOFT,11.0,5.0,17.0
STR,Aston Martin,4.0,99.528,SOFT,3.0,2.0,13.0
STR,Aston Martin,5.0,99.552,SOFT,4.0,2.0,13.0
STR,Aston Martin,6.0,98.746,SOFT,5.0,2.0,11.0
STR,Aston Martin,7.0,98.624,SOFT,6.0,2.0,11.0
STR,Aston Martin,8.0,98.61,SOFT,7.0,2.0,10.0
STR,Aston Martin,9.0,98.881,SOFT,8.0,2.0,10.0
STR,Aston Martin,10.0,99.052,SOFT,9.0,2.0,10.0
STR,Aston Martin,11.0,99.103,SOFT,10.0,2.0,10.0
STR,Aston Martin,14.0,97.935,MEDIUM,2.0,3.0,16.0
STR,Aston Martin,15.0,98.125,MEDIUM,3.0,3.0,15.0
STR,Aston Martin,16.0,99.274,MEDIUM,4.0,3.0,15.0
STR,Aston Martin,17.0,98.057,MEDIUM,5.0,3.0,14.0
STR,Aston Martin,18.0,98.843,MEDIUM,6.0,3.0,14.0
STR,Aston Martin,19.0,99.757,MEDIUM,7.0,3.0,14.0
STR,Aston Martin,20.0,99.248,MEDIUM,8.0,3.0,14.0
STR,Aston Martin,21.0,99.552,MEDIUM,9.0,3.0,14.0
STR,Aston Martin,24.0,96.761,HARD,2.0,4.0,12.0
STR,Aston Martin,25.0,96.995,HARD,3.0,4.0,12.0
STR,Aston Martin,26.0,97.307,HARD,4.0,4.0,12.0
STR,Aston Martin,27.0,97.244,HARD,5.0,4.0,12.0
STR,Aston Martin,28.0,97.088,HARD,6.0,4.0,12.0
STR,Aston Martin,29.0,97.633,HARD,7.0,4.0,12.0
STR,Aston Martin,30.0,97.361,HARD,8.0,4.0,12.0
STR,Aston Martin,31.0,97.729,HARD,9.0,4.0,12.0
STR,Aston Martin,32.0,98.202,HARD,10.0,4.0,12.0
STR,Aston Martin,33.0,99.609,HARD,11.0,4.0,11.0
STR,Aston Martin,36.0,95.973,SOFT,2.0,5.0,13.0
STR,Aston Martin,37.0,96.284,SOFT,3.0,5.0,13.0
STR,Aston Martin,38.0,96.356,SOFT,4.0,5.0,13.0
STR,Aston Martin,39.0,96.614,SOFT,5.0,5.0,13.0
STR,Aston Martin,40.0,95.844,SOFT,6.0,5.0,13.0
STR,Aston Martin,41.0,95.798,SOFT,7.0,5.0,13.0
STR,Aston Martin,42.0,96.556,SOFT,8.0,5.0,13.0
STR,Aston Martin,43.0,96.503,SOFT,9.0,5.0,13.0
STR,Aston Martin,44.0,96.485,SOFT,10.0,5.0,13.0
STR,Aston Martin,45.0,96.806,SOFT,11.0,5.0,12.0
STR,Aston Martin,46.0,96.35,SOFT,12.0,5.0,11.0
STR,Aston Martin,47.0,96.704,SOFT,13.0,5.0,11.0
STR,Aston Martin,48.0,98.033,SOFT,14.0,5.0,11.0
STR,Aston Martin,49.0,96.381,SOFT,15.0,5.0,11.0
STR,Aston Martin,50.0,96.165,SOFT,16.0,5.0,11.0
STR,Aston Martin,51.0,96.27,SOFT,17.0,5.0,11.0
STR,Aston Martin,52.0,99.818,SOFT,18.0,5.0,12.0
TSU,RB,4.0,99.108,SOFT,6.0,2.0,9.0
TSU,RB,5.0,99.508,SOFT,7.0,2.0,10.0
TSU,RB,6.0,98.887,SOFT,8.0,2.0,10.0
TSU,RB,9.0,97.17,HARD,2.0,3.0,16.0
TSU,RB,10.0,97.496,HARD,3.0,3.0,16.0
TSU,RB,11.0,97.895,HARD,4.0,3.0,16.0
TSU,RB,12.0,100.057,HARD,5.0,3.0,16.0
TSU,RB,13.0,98.98,HARD,6.0,3.0,14.0
TSU,RB,14.0,98.51,HARD,7.0,3.0,14.0
TSU,RB,15.0,99.925,HARD,8.0,3.0,14.0
TSU,RB,16.0,100.096,HARD,9.0,3.0,14.0
TSU,RB,17.0,97.944,HARD,10.0,3.0,13.0
TSU,RB,18.0,99.27,HARD,11.0,3.0,13.0
TSU,RB,19.0,99.658,HARD,12.0,3.0,13.0
TSU,RB,20.0,99.1,HARD,13.0,3.0,13.0
TSU,RB,21.0,99.562,HARD,14.0,3.0,13.0
TSU,RB,24.0,96.637,HARD,2.0,4.0,11.0
TSU,RB,25.0,97.073,HARD,3.0,4.0,11.0
TSU,RB,26.0,97.037,HARD,4.0,4.0,11.0
TSU,RB,27.0,97.184,HARD,5.0,4.0,11.0
TSU,RB,28.0,97.227,HARD,6.0,4.0,11.0
TSU,RB,29.0,97.319,HARD,7.0,4.0,11.0
TSU,RB,30.0,97.617,HARD,8.0,4.0,11.0
TSU,RB,31.0,97.676,HARD,9.0,4.0,11.0
TSU,RB,32.0,98.624,HARD,10.0,4.0,11.0
TSU,RB,33.0,98.692,HARD,11.0,4.0,10.0
TSU,RB,34.0,97.793,HARD,12.0,4.0,10.0
TSU,RB,35.0,97.626,HARD,13.0,4.0,10.0
TSU,RB,36.0,97.103,HARD,14.0,4.0,10.0
TSU,RB,37.0,97.419,HARD,15.0,4.0,10.0
TSU,RB,38.0,97.442,HARD,16.0,4.0,10.0
TSU,RB,39.0,97.595,HARD,17.0,4.0,10.0
TSU,RB,40.0,97.441,HARD,18.0,4.0,10.0
TSU,RB,41.0,97.297,HARD,19.0,4.0,10.0
TSU,RB,42.0,97.493,HARD,20.0,4.0,10.0
TSU,RB,43.0,97.498,HARD,21.0,4.0,10.0
TSU,RB,44.0,97.329,HARD,22.0,4.0,10.0
TSU,RB,45.0,97.25,HARD,23.0,4.0,10.0
TSU,RB,46.0,97.046,HARD,24.0,4.0,10.0
TSU,RB,47.0,97.106,HARD,25.0,4.0,10.0
TSU,RB,48.0,97.038,HARD,26.0,4.0,10.0
TSU,RB,49.0,96.557,HARD,27.0,4.0,10.0
TSU,RB,50.0,96.388,HARD,28.0,4.0,10.0
TSU,RB,51.0,96.342,HARD,29.0,4.0,10.0
TSU,RB,52.0,98.195,HARD,30.0,4.0,10.0
VER,Red Bull Racing,4.0,96.472,MEDIUM,4.0,2.0,1.0
VER,Red Bull Racing,5.0,96.437,MEDIUM,5.0,2.0,1.0
VER,Red Bull Racing,6.0,96.855,MEDIUM,6.0,2.0,1.0
VER,Red Bull Racing,7.0,96.97,MEDIUM,7.0,2.0,1.0
VER,Red Bull Racing,8.0,97.329,MEDIUM,8.0,2.0,1.0
VER,Red Bull Racing,9.0,97.178,MEDIUM,9.0,2.0,1.0
VER,Red Bull Racing,10.0,97.59,MEDIUM,10.0,2.0,1.0
VER,Red Bull Racing,11.0,97.774,MEDIUM,11.0,2.0,1.0
VER,Red Bull Racing,12.0,97.753,MEDIUM,12.0,2.0,1.0
VER,Red Bull Racing,13.0,97.727,MEDIUM,13.0,2.0,1.0
VER,Red Bull Racing,14.0,97.91,MEDIUM,14.0,2.0,1.0
VER,Red Bull Racing,15.0,97.854,MEDIUM,15.0,2.0,1.0
VER,Red Bull Racing,18.0,96.822,MEDIUM,2.0,3.0,2.0
VER,Red Bull Racing,19.0,96.252,MEDIUM,3.0,3.0,2.0
VER,Red Bull Racing,20.0,96.402,MEDIUM,4.0,3.0,2.0
VER,Red Bull Racing,21.0,95.617,MEDIUM,5.0,3.0,1.0
VER,Red Bull Racing,22.0,96.384,MEDIUM,6.0,3.0,1.0
VER,Red Bull Racing,23.0,96.205,MEDIUM,7.0,3.0,1.0
VER,Red Bull Racing,24.0,96.532,MEDIUM,8.0,3.0,1.0
VER,Red Bull Racing,25.0,96.337,MEDIUM,9.0,3.0,1.0
VER,Red Bull Racing,26.0,96.437,MEDIUM,10.0,3.0,1.0
VER,Red Bull Racing,27.0,96.654,MEDIUM,11.0,3.0,1.0
VER,Red Bull Racing,28.0,96.496,MEDIUM,12.0,3.0,1.0
VER,Red Bull Racing,29.0,96.655,MEDIUM,13.0,3.0,1.0
VER,Red Bull Racing,30.0,96.849,MEDIUM,14.0,3.0,1.0
VER,Red Bull Racing,31.0,96.761,MEDIUM,15.0,3.0,1.0
VER,Red Bull Racing,32.0,96.92,MEDIUM,16.0,3.0,1.0
VER,Red Bull Racing,33.0,97.048,MEDIUM,17.0,3.0,1.0
VER,Red Bull Racing,36.0,94.619,HARD,2.0,4.0,1.0
VER,Red Bull Racing,37.0,94.97,HARD,3.0,4.0,1.0
VER,Red Bull Racing,38.0,94.986,HARD,4.0,4.0,1.0
VER,Red Bull Racing,39.0,94.494,HARD,5.0,4.0,1.0
VER,Red Bull Racing,40.0,94.343,HARD,6.0,4.0,1.0
VER,Red Bull Racing,41.0,94.273,HARD,7.0,4.0,1.0
VER,Red Bull Racing,42.0,94.965,HARD,8.0,4.0,1.0
VER,Red Bull Racing,43.0,94.303,HARD,9.0,4.0,1.0
VER,Red Bull Racing,44.0,94.455,HARD,10.0,4.0,1.0
VER,Red Bull Racing,45.0,94.606,HARD,11.0,4.0,1.0
VER,Red Bull Racing,46.0,94.61,HARD,12.0,4.0,1.0
VER,Red Bull Racing,47.0,95.113,HARD,13.0,4.0,1.0
VER,Red Bull Racing,48.0,95.75,HARD,14.0,4.0,1.0
VER,Red Bull Racing,49.0,94.885,HARD,15.0,4.0,1.0
VER,Red Bull Racing,50.0,93.706,HARD,16.0,4.0,1.0
VER,Red Bull Racing,51.0,94.768,HARD,17.0,4.0,1.0
VER,Red Bull Racing,52.0,94.97,HARD,18.0,4.0,1.0
VER,Red Bull Racing,53.0,95.263,HARD,19.0,4.0,1.0
ZHO,Kick Sauber,4.0,100.228,SOFT,3.0,2.0,16.0
ZHO,Kick Sauber,5.0,99.597,SOFT,4.0,2.0,16.0
ZHO,Kick Sauber,6.0,99.991,SOFT,5.0,2.0,16.0
ZHO,Kick Sauber,9.0,97.16,HARD,2.0,3.0,18.0
ZHO,Kick Sauber,10.0,97.5,HARD,3.0,3.0,18.0
